{"arguments": {"game": ["--username", "${auth_player_name}", "--version", "${version_name}", "--gameDir", "${game_directory}", "--assetsDir", "${assets_root}", "--assetIndex", "${assets_index_name}", "--uuid", "${auth_uuid}", "--accessToken", "${auth_access_token}", "--clientId", "${clientid}", "--xuid", "${auth_xuid}", "--userType", "${user_type}", "--versionType", "${version_type}", {"rules": [{"action": "allow", "features": {"is_demo_user": true}}], "value": "--demo"}, {"rules": [{"action": "allow", "features": {"has_custom_resolution": true}}], "value": ["--width", "${resolution_width}", "--height", "${resolution_height}"]}], "jvm": [{"rules": [{"action": "allow", "os": {"name": "osx"}}], "value": ["-XstartOnFirstThread"]}, {"rules": [{"action": "allow", "os": {"name": "windows"}}], "value": "-XX:HeapDumpPath=MojangTricksIntelDriversForPerformance_javaw.exe_minecraft.exe.heapdump"}, {"rules": [{"action": "allow", "os": {"name": "windows", "version": "^10\\."}}], "value": ["-Dos.name=Windows 10", "-Dos.version=10.0"]}, {"rules": [{"action": "allow", "os": {"arch": "x86"}}], "value": "-Xss1M"}, "-Djava.library.path=${natives_directory}", "-Dminecraft.launcher.brand=${launcher_name}", "-Dminecraft.launcher.version=${launcher_version}", "-cp", "${classpath}"]}, "assetIndex": {"id": "1.19_deep_dark_side_snapshot", "sha1": "f91cf48b5e282816e251797d3406d4514e20c3a8", "size": 365517, "totalSize": 473942668, "url": "https://launchermeta.mojang.com/v1/packages/f91cf48b5e282816e251797d3406d4514e20c3a8/1.19_deep_dark_side_snapshot.json"}, "assets": "1.19_deep_dark_side_snapshot", "complianceLevel": 1, "downloads": {"client": {"sha1": "17f03648f0956343d4ae35260067d200a5aabc56", "size": 20335422, "url": "https://launcher.mojang.com/v1/objects/17f03648f0956343d4ae35260067d200a5aabc56/client.jar"}, "client_mappings": {"sha1": "668d017c0c3bfc47a7b4c9e75e0841b31123c5e0", "size": 6715569, "url": "https://launcher.mojang.com/v1/objects/668d017c0c3bfc47a7b4c9e75e0841b31123c5e0/client.txt"}, "server": {"sha1": "973e76b8067bab5410fef92bf4412ada1f7b0f97", "size": 46603686, "url": "https://launcher.mojang.com/v1/objects/973e76b8067bab5410fef92bf4412ada1f7b0f97/server.jar"}, "server_mappings": {"sha1": "7c6d4d114bfb0cb482a549dda1b587aece9c04af", "size": 5200216, "url": "https://launcher.mojang.com/v1/objects/7c6d4d114bfb0cb482a549dda1b587aece9c04af/server.txt"}}, "id": "1.19_deep_dark_experimental_snapshot-1", "javaVersion": {"component": "java-runtime-beta", "majorVersion": 17}, "libraries": [{"downloads": {"artifact": {"path": "com/mojang/blocklist/1.0.6/blocklist-1.0.6.jar", "sha1": "7039c2c6209064ee4132cea7a0737b63b92c725e", "size": 964, "url": "https://libraries.minecraft.net/com/mojang/blocklist/1.0.6/blocklist-1.0.6.jar"}}, "name": "com.mojang:blocklist:1.0.6"}, {"downloads": {"artifact": {"path": "com/mojang/patchy/2.1.6/patchy-2.1.6.jar", "sha1": "ce112c16c6275fdfff2d30208533ec906a191f71", "size": 10090, "url": "https://libraries.minecraft.net/com/mojang/patchy/2.1.6/patchy-2.1.6.jar"}}, "name": "com.mojang:patchy:2.1.6"}, {"downloads": {"artifact": {"path": "com/github/oshi/oshi-core/5.8.5/oshi-core-5.8.5.jar", "sha1": "1d0ec654d820741327f5a9229d513732a4b7ce50", "size": 879623, "url": "https://libraries.minecraft.net/com/github/oshi/oshi-core/5.8.5/oshi-core-5.8.5.jar"}}, "name": "com.github.oshi:oshi-core:5.8.5"}, {"downloads": {"artifact": {"path": "net/java/dev/jna/jna/5.10.0/jna-5.10.0.jar", "sha1": "7cf4c87dd802db50721db66947aa237d7ad09418", "size": 1756400, "url": "https://libraries.minecraft.net/net/java/dev/jna/jna/5.10.0/jna-5.10.0.jar"}}, "name": "net.java.dev.jna:jna:5.10.0"}, {"downloads": {"artifact": {"path": "net/java/dev/jna/jna-platform/5.10.0/jna-platform-5.10.0.jar", "sha1": "fbed7d9669dba47714ad0d4f4454290a997aee69", "size": 1343495, "url": "https://libraries.minecraft.net/net/java/dev/jna/jna-platform/5.10.0/jna-platform-5.10.0.jar"}}, "name": "net.java.dev.jna:jna-platform:5.10.0"}, {"downloads": {"artifact": {"path": "org/slf4j/slf4j-api/1.8.0-beta4/slf4j-api-1.8.0-beta4.jar", "sha1": "83b0359d847ee053d745be7ec0d8e9e8a44304b4", "size": 44213, "url": "https://libraries.minecraft.net/org/slf4j/slf4j-api/1.8.0-beta4/slf4j-api-1.8.0-beta4.jar"}}, "name": "org.slf4j:slf4j-api:1.8.0-beta4"}, {"downloads": {"artifact": {"path": "org/apache/logging/log4j/log4j-slf4j18-impl/2.16.0/log4j-slf4j18-impl-2.16.0.jar", "sha1": "9264545adfac3d41bba0c269fc5578274c3b5cfa", "size": 21248, "url": "https://libraries.minecraft.net/org/apache/logging/log4j/log4j-slf4j18-impl/2.16.0/log4j-slf4j18-impl-2.16.0.jar"}}, "name": "org.apache.logging.log4j:log4j-slf4j18-impl:2.16.0"}, {"downloads": {"artifact": {"path": "com/ibm/icu/icu4j/70.1/icu4j-70.1.jar", "sha1": "dfa3a1fbc55bf5db8c6e79fc0935ac7ab1202950", "size": 13708936, "url": "https://libraries.minecraft.net/com/ibm/icu/icu4j/70.1/icu4j-70.1.jar"}}, "name": "com.ibm.icu:icu4j:70.1"}, {"downloads": {"artifact": {"path": "com/mojang/javabridge/1.2.24/javabridge-1.2.24.jar", "sha1": "0c876796229b2ef5120f186eab5acc870699d3b9", "size": 6053, "url": "https://libraries.minecraft.net/com/mojang/javabridge/1.2.24/javabridge-1.2.24.jar"}}, "name": "com.mojang:javabridge:1.2.24"}, {"downloads": {"artifact": {"path": "net/sf/jopt-simple/jopt-simple/5.0.4/jopt-simple-5.0.4.jar", "sha1": "4fdac2fbe92dfad86aa6e9301736f6b4342a3f5c", "size": 78146, "url": "https://libraries.minecraft.net/net/sf/jopt-simple/jopt-simple/5.0.4/jopt-simple-5.0.4.jar"}}, "name": "net.sf.jopt-simple:jopt-simple:5.0.4"}, {"downloads": {"artifact": {"path": "io/netty/netty-all/4.1.68.Final/netty-all-4.1.68.Final.jar", "sha1": "b8266a3c93c1c051109f71d3449e5dcd5d60b333", "size": 4515045, "url": "https://libraries.minecraft.net/io/netty/netty-all/4.1.68.Final/netty-all-4.1.68.Final.jar"}}, "name": "io.netty:netty-all:4.1.68.Final"}, {"downloads": {"artifact": {"path": "com/google/guava/failureaccess/1.0.1/failureaccess-1.0.1.jar", "sha1": "1dcf1de382a0bf95a3d8b0849546c88bac1292c9", "size": 4617, "url": "https://libraries.minecraft.net/com/google/guava/failureaccess/1.0.1/failureaccess-1.0.1.jar"}}, "name": "com.google.guava:failureaccess:1.0.1"}, {"downloads": {"artifact": {"path": "com/google/guava/guava/31.0.1-jre/guava-31.0.1-jre.jar", "sha1": "119ea2b2bc205b138974d351777b20f02b92704b", "size": 2974216, "url": "https://libraries.minecraft.net/com/google/guava/guava/31.0.1-jre/guava-31.0.1-jre.jar"}}, "name": "com.google.guava:guava:31.0.1-jre"}, {"downloads": {"artifact": {"path": "org/apache/commons/commons-lang3/3.12.0/commons-lang3-3.12.0.jar", "sha1": "c6842c86792ff03b9f1d1fe2aab8dc23aa6c6f0e", "size": 587402, "url": "https://libraries.minecraft.net/org/apache/commons/commons-lang3/3.12.0/commons-lang3-3.12.0.jar"}}, "name": "org.apache.commons:commons-lang3:3.12.0"}, {"downloads": {"artifact": {"path": "commons-io/commons-io/2.11.0/commons-io-2.11.0.jar", "sha1": "a2503f302b11ebde7ebc3df41daebe0e4eea3689", "size": 327135, "url": "https://libraries.minecraft.net/commons-io/commons-io/2.11.0/commons-io-2.11.0.jar"}}, "name": "commons-io:commons-io:2.11.0"}, {"downloads": {"artifact": {"path": "commons-codec/commons-codec/1.15/commons-codec-1.15.jar", "sha1": "49d94806b6e3dc933dacbd8acb0fdbab8ebd1e5d", "size": 353793, "url": "https://libraries.minecraft.net/commons-codec/commons-codec/1.15/commons-codec-1.15.jar"}}, "name": "commons-codec:commons-codec:1.15"}, {"downloads": {"artifact": {"path": "com/mojang/brigadier/1.0.18/brigadier-1.0.18.jar", "sha1": "c1ef1234282716483c92183f49bef47b1a89bfa9", "size": 77116, "url": "https://libraries.minecraft.net/com/mojang/brigadier/1.0.18/brigadier-1.0.18.jar"}}, "name": "com.mojang:brigadier:1.0.18"}, {"downloads": {"artifact": {"path": "com/mojang/datafixerupper/4.0.26/datafixerupper-4.0.26.jar", "sha1": "ebd6690f33871ccee9b6132c6480668ee2e35020", "size": 673183, "url": "https://libraries.minecraft.net/com/mojang/datafixerupper/4.0.26/datafixerupper-4.0.26.jar"}}, "name": "com.mojang:datafixerupper:4.0.26"}, {"downloads": {"artifact": {"path": "com/google/code/gson/gson/2.8.9/gson-2.8.9.jar", "sha1": "8a432c1d6825781e21a02db2e2c33c5fde2833b9", "size": 258075, "url": "https://libraries.minecraft.net/com/google/code/gson/gson/2.8.9/gson-2.8.9.jar"}}, "name": "com.google.code.gson:gson:2.8.9"}, {"downloads": {"artifact": {"path": "com/mojang/authlib/3.2.38/authlib-3.2.38.jar", "sha1": "7bba19e34be22fded9ceb409ca1e8fb7525daf55", "size": 102196, "url": "https://libraries.minecraft.net/com/mojang/authlib/3.2.38/authlib-3.2.38.jar"}}, "name": "com.mojang:authlib:3.2.38"}, {"downloads": {"artifact": {"path": "org/apache/commons/commons-compress/1.21/commons-compress-1.21.jar", "sha1": "4ec95b60d4e86b5c95a0e919cb172a0af98011ef", "size": 1018316, "url": "https://libraries.minecraft.net/org/apache/commons/commons-compress/1.21/commons-compress-1.21.jar"}}, "name": "org.apache.commons:commons-compress:1.21"}, {"downloads": {"artifact": {"path": "org/apache/httpcomponents/httpclient/4.5.13/httpclient-4.5.13.jar", "sha1": "e5f6cae5ca7ecaac1ec2827a9e2d65ae2869cada", "size": 780321, "url": "https://libraries.minecraft.net/org/apache/httpcomponents/httpclient/4.5.13/httpclient-4.5.13.jar"}}, "name": "org.apache.httpcomponents:httpclient:4.5.13"}, {"downloads": {"artifact": {"path": "commons-logging/commons-logging/1.2/commons-logging-1.2.jar", "sha1": "4bfc12adfe4842bf07b657f0369c4cb522955686", "size": 61829, "url": "https://libraries.minecraft.net/commons-logging/commons-logging/1.2/commons-logging-1.2.jar"}}, "name": "commons-logging:commons-logging:1.2"}, {"downloads": {"artifact": {"path": "org/apache/httpcomponents/httpcore/4.4.14/httpcore-4.4.14.jar", "sha1": "9dd1a631c082d92ecd4bd8fd4cf55026c720a8c1", "size": 328436, "url": "https://libraries.minecraft.net/org/apache/httpcomponents/httpcore/4.4.14/httpcore-4.4.14.jar"}}, "name": "org.apache.httpcomponents:httpcore:4.4.14"}, {"downloads": {"artifact": {"path": "it/unimi/dsi/fastutil/8.5.6/fastutil-8.5.6.jar", "sha1": "76f95700418a68fbc4ac050525261f05dc681ca1", "size": 23565248, "url": "https://libraries.minecraft.net/it/unimi/dsi/fastutil/8.5.6/fastutil-8.5.6.jar"}}, "name": "it.unimi.dsi:fastutil:8.5.6"}, {"downloads": {"artifact": {"path": "org/apache/logging/log4j/log4j-api/2.16.0/log4j-api-2.16.0.jar", "sha1": "4727d93a76616ffc4149dffac5801827c0f4ac71", "size": 301892, "url": "https://libraries.minecraft.net/org/apache/logging/log4j/log4j-api/2.16.0/log4j-api-2.16.0.jar"}}, "name": "org.apache.logging.log4j:log4j-api:2.16.0"}, {"downloads": {"artifact": {"path": "org/apache/logging/log4j/log4j-core/2.16.0/log4j-core-2.16.0.jar", "sha1": "ca12fb3902ecfcba1e1357ebfc55407acec30ede", "size": 1789565, "url": "https://libraries.minecraft.net/org/apache/logging/log4j/log4j-core/2.16.0/log4j-core-2.16.0.jar"}}, "name": "org.apache.logging.log4j:log4j-core:2.16.0"}, {"downloads": {"artifact": {"path": "org/lwjgl/lwjgl/3.2.1/lwjgl-3.2.1.jar", "sha1": "2bb514e444994c6fece99a21f76e0c90438e377f", "size": 317748, "url": "https://libraries.minecraft.net/org/lwjgl/lwjgl/3.2.1/lwjgl-3.2.1.jar"}}, "name": "org.lwjgl:lwjgl:3.2.1", "rules": [{"action": "allow", "os": {"name": "osx"}}]}, {"downloads": {"artifact": {"path": "org/lwjgl/lwjgl/3.2.2/lwjgl-3.2.2.jar", "sha1": "8ad6294407e15780b43e84929c40e4c5e997972e", "size": 321900, "url": "https://libraries.minecraft.net/org/lwjgl/lwjgl/3.2.2/lwjgl-3.2.2.jar"}}, "name": "org.lwjgl:lwjgl:3.2.2", "rules": [{"action": "allow"}, {"action": "disallow", "os": {"name": "osx"}}]}, {"downloads": {"artifact": {"path": "org/lwjgl/lwjgl-jemalloc/3.2.1/lwjgl-jemalloc-3.2.1.jar", "sha1": "7a0c583fcbec32b15784f846df536e1837d83666", "size": 38616, "url": "https://libraries.minecraft.net/org/lwjgl/lwjgl-jemalloc/3.2.1/lwjgl-jemalloc-3.2.1.jar"}}, "name": "org.lwjgl:lwjgl-jemalloc:3.2.1", "rules": [{"action": "allow", "os": {"name": "osx"}}]}, {"downloads": {"artifact": {"path": "org/lwjgl/lwjgl-jemalloc/3.2.2/lwjgl-jemalloc-3.2.2.jar", "sha1": "ee8e57a79300f78294576d87c4a587f8c99402e2", "size": 34848, "url": "https://libraries.minecraft.net/org/lwjgl/lwjgl-jemalloc/3.2.2/lwjgl-jemalloc-3.2.2.jar"}}, "name": "org.lwjgl:lwjgl-jemalloc:3.2.2", "rules": [{"action": "allow"}, {"action": "disallow", "os": {"name": "osx"}}]}, {"downloads": {"artifact": {"path": "org/lwjgl/lwjgl-openal/3.2.1/lwjgl-openal-3.2.1.jar", "sha1": "dc7ff2dabb40a141ee9bf2e326d9b1b19f3278fb", "size": 80103, "url": "https://libraries.minecraft.net/org/lwjgl/lwjgl-openal/3.2.1/lwjgl-openal-3.2.1.jar"}}, "name": "org.lwjgl:lwjgl-openal:3.2.1", "rules": [{"action": "allow", "os": {"name": "osx"}}]}, {"downloads": {"artifact": {"path": "org/lwjgl/lwjgl-openal/3.2.2/lwjgl-openal-3.2.2.jar", "sha1": "2b772a102b0a11ee5f2109a5b136f4dc7c630827", "size": 80012, "url": "https://libraries.minecraft.net/org/lwjgl/lwjgl-openal/3.2.2/lwjgl-openal-3.2.2.jar"}}, "name": "org.lwjgl:lwjgl-openal:3.2.2", "rules": [{"action": "allow"}, {"action": "disallow", "os": {"name": "osx"}}]}, {"downloads": {"artifact": {"path": "org/lwjgl/lwjgl-opengl/3.2.1/lwjgl-opengl-3.2.1.jar", "sha1": "57008c2374c5bc434b18adfef3f3653ee450ee18", "size": 931322, "url": "https://libraries.minecraft.net/org/lwjgl/lwjgl-opengl/3.2.1/lwjgl-opengl-3.2.1.jar"}}, "name": "org.lwjgl:lwjgl-opengl:3.2.1", "rules": [{"action": "allow", "os": {"name": "osx"}}]}, {"downloads": {"artifact": {"path": "org/lwjgl/lwjgl-opengl/3.2.2/lwjgl-opengl-3.2.2.jar", "sha1": "6ac5bb88b44c43ea195a570aab059f63da004cd8", "size": 929780, "url": "https://libraries.minecraft.net/org/lwjgl/lwjgl-opengl/3.2.2/lwjgl-opengl-3.2.2.jar"}}, "name": "org.lwjgl:lwjgl-opengl:3.2.2", "rules": [{"action": "allow"}, {"action": "disallow", "os": {"name": "osx"}}]}, {"downloads": {"artifact": {"path": "org/lwjgl/lwjgl-glfw/3.2.1/lwjgl-glfw-3.2.1.jar", "sha1": "027abb7f64894b61cad163791acd8113f0b21296", "size": 116708, "url": "https://libraries.minecraft.net/org/lwjgl/lwjgl-glfw/3.2.1/lwjgl-glfw-3.2.1.jar"}}, "name": "org.lwjgl:lwjgl-glfw:3.2.1", "rules": [{"action": "allow", "os": {"name": "osx"}}]}, {"downloads": {"artifact": {"path": "org/lwjgl/lwjgl-glfw/3.2.2/lwjgl-glfw-3.2.2.jar", "sha1": "d3ad4df38e400b8afba1de63f84338809399df5b", "size": 108907, "url": "https://libraries.minecraft.net/org/lwjgl/lwjgl-glfw/3.2.2/lwjgl-glfw-3.2.2.jar"}}, "name": "org.lwjgl:lwjgl-glfw:3.2.2", "rules": [{"action": "allow"}, {"action": "disallow", "os": {"name": "osx"}}]}, {"downloads": {"artifact": {"path": "org/lwjgl/lwjgl-stb/3.2.1/lwjgl-stb-3.2.1.jar", "sha1": "31f5eb5fce3791d58ec898bc5c1867d76d781ba1", "size": 105765, "url": "https://libraries.minecraft.net/org/lwjgl/lwjgl-stb/3.2.1/lwjgl-stb-3.2.1.jar"}}, "name": "org.lwjgl:lwjgl-stb:3.2.1", "rules": [{"action": "allow", "os": {"name": "osx"}}]}, {"downloads": {"artifact": {"path": "org/lwjgl/lwjgl-stb/3.2.2/lwjgl-stb-3.2.2.jar", "sha1": "3b8e6ebc5851dd3d17e37e5cadce2eff2a429f0f", "size": 104469, "url": "https://libraries.minecraft.net/org/lwjgl/lwjgl-stb/3.2.2/lwjgl-stb-3.2.2.jar"}}, "name": "org.lwjgl:lwjgl-stb:3.2.2", "rules": [{"action": "allow"}, {"action": "disallow", "os": {"name": "osx"}}]}, {"downloads": {"artifact": {"path": "org/lwjgl/lwjgl-tinyfd/3.2.1/lwjgl-tinyfd-3.2.1.jar", "sha1": "259f1dbddb921e27e01b32458d6f584eb8bba13a", "size": 7088, "url": "https://libraries.minecraft.net/org/lwjgl/lwjgl-tinyfd/3.2.1/lwjgl-tinyfd-3.2.1.jar"}}, "name": "org.lwjgl:lwjgl-tinyfd:3.2.1", "rules": [{"action": "allow", "os": {"name": "osx"}}]}, {"downloads": {"artifact": {"path": "org/lwjgl/lwjgl-tinyfd/3.2.2/lwjgl-tinyfd-3.2.2.jar", "sha1": "fcbe606c8f8da6f8f9a05e2c540eb1ee8632b0e9", "size": 7092, "url": "https://libraries.minecraft.net/org/lwjgl/lwjgl-tinyfd/3.2.2/lwjgl-tinyfd-3.2.2.jar"}}, "name": "org.lwjgl:lwjgl-tinyfd:3.2.2", "rules": [{"action": "allow"}, {"action": "disallow", "os": {"name": "osx"}}]}, {"downloads": {"artifact": {"path": "org/lwjgl/lwjgl/3.2.1/lwjgl-3.2.1.jar", "sha1": "2bb514e444994c6fece99a21f76e0c90438e377f", "size": 317748, "url": "https://libraries.minecraft.net/org/lwjgl/lwjgl/3.2.1/lwjgl-3.2.1.jar"}, "classifiers": {"javadoc": {"path": "org/lwjgl/lwjgl/3.2.1/lwjgl-3.2.1-javadoc.jar", "sha1": "1f6b7050737559b775d797c0ea56612b8e373fd6", "size": 1287174, "url": "https://libraries.minecraft.net/org/lwjgl/lwjgl/3.2.1/lwjgl-3.2.1-javadoc.jar"}, "natives-linux": {"path": "org/lwjgl/lwjgl/3.2.1/lwjgl-3.2.1-natives-linux.jar", "sha1": "9bdd47cd63ce102cec837a396c8ded597cb75a66", "size": 87484, "url": "https://libraries.minecraft.net/org/lwjgl/lwjgl/3.2.1/lwjgl-3.2.1-natives-linux.jar"}, "natives-macos": {"path": "org/lwjgl/lwjgl/3.2.1/lwjgl-3.2.1-natives-macos.jar", "sha1": "5a4c271d150906858d475603dcb9479453c60555", "size": 39835, "url": "https://libraries.minecraft.net/org/lwjgl/lwjgl/3.2.1/lwjgl-3.2.1-natives-macos.jar"}, "natives-windows": {"path": "org/lwjgl/lwjgl/3.2.1/lwjgl-3.2.1-natives-windows.jar", "sha1": "e799d06b8969db0610e68776e0eff4b6191098bd", "size": 255871, "url": "https://libraries.minecraft.net/org/lwjgl/lwjgl/3.2.1/lwjgl-3.2.1-natives-windows.jar"}, "sources": {"path": "org/lwjgl/lwjgl/3.2.1/lwjgl-3.2.1-sources.jar", "sha1": "106f90ac41449004a969309488aa6e3a2f7d6731", "size": 255671, "url": "https://libraries.minecraft.net/org/lwjgl/lwjgl/3.2.1/lwjgl-3.2.1-sources.jar"}}}, "name": "org.lwjgl:lwjgl:3.2.1", "natives": {"osx": "natives-macos"}, "rules": [{"action": "allow", "os": {"name": "osx"}}]}, {"downloads": {"artifact": {"path": "org/lwjgl/lwjgl/3.2.2/lwjgl-3.2.2.jar", "sha1": "8ad6294407e15780b43e84929c40e4c5e997972e", "size": 321900, "url": "https://libraries.minecraft.net/org/lwjgl/lwjgl/3.2.2/lwjgl-3.2.2.jar"}, "classifiers": {"natives-linux": {"path": "org/lwjgl/lwjgl/3.2.2/lwjgl-3.2.2-natives-linux.jar", "sha1": "ae7976827ca2a3741f6b9a843a89bacd637af350", "size": 124776, "url": "https://libraries.minecraft.net/org/lwjgl/lwjgl/3.2.2/lwjgl-3.2.2-natives-linux.jar"}, "natives-macos": {"path": "org/lwjgl/lwjgl/3.2.2/lwjgl-3.2.2-natives-macos.jar", "sha1": "bbfb75693bdb714c0c69c2c9f9be73d259b43b62", "size": 48462, "url": "https://libraries.minecraft.net/org/lwjgl/lwjgl/3.2.2/lwjgl-3.2.2-natives-macos.jar"}, "natives-windows": {"path": "org/lwjgl/lwjgl/3.2.2/lwjgl-3.2.2-natives-windows.jar", "sha1": "05359f3aa50d36352815fc662ea73e1c00d22170", "size": 279593, "url": "https://libraries.minecraft.net/org/lwjgl/lwjgl/3.2.2/lwjgl-3.2.2-natives-windows.jar"}}}, "name": "org.lwjgl:lwjgl:3.2.2", "natives": {"linux": "natives-linux", "windows": "natives-windows"}, "rules": [{"action": "allow"}, {"action": "disallow", "os": {"name": "osx"}}]}, {"downloads": {"artifact": {"path": "org/lwjgl/lwjgl-jemalloc/3.2.1/lwjgl-jemalloc-3.2.1.jar", "sha1": "7a0c583fcbec32b15784f846df536e1837d83666", "size": 38616, "url": "https://libraries.minecraft.net/org/lwjgl/lwjgl-jemalloc/3.2.1/lwjgl-jemalloc-3.2.1.jar"}, "classifiers": {"javadoc": {"path": "org/lwjgl/lwjgl-jemalloc/3.2.1/lwjgl-jemalloc-3.2.1-javadoc.jar", "sha1": "04f6897be1e2d68bff5ec5e91a2b96e32f084c09", "size": 461041, "url": "https://libraries.minecraft.net/org/lwjgl/lwjgl-jemalloc/3.2.1/lwjgl-jemalloc-3.2.1-javadoc.jar"}, "natives-linux": {"path": "org/lwjgl/lwjgl-jemalloc/3.2.1/lwjgl-jemalloc-3.2.1-natives-linux.jar", "sha1": "5536616b558cea2fea6330ca682fd7c733db9c43", "size": 156057, "url": "https://libraries.minecraft.net/org/lwjgl/lwjgl-jemalloc/3.2.1/lwjgl-jemalloc-3.2.1-natives-linux.jar"}, "natives-macos": {"path": "org/lwjgl/lwjgl-jemalloc/3.2.1/lwjgl-jemalloc-3.2.1-natives-macos.jar", "sha1": "439ab9d0264167a949cc7bcce673704322baaf50", "size": 117001, "url": "https://libraries.minecraft.net/org/lwjgl/lwjgl-jemalloc/3.2.1/lwjgl-jemalloc-3.2.1-natives-macos.jar"}, "natives-windows": {"path": "org/lwjgl/lwjgl-jemalloc/3.2.1/lwjgl-jemalloc-3.2.1-natives-windows.jar", "sha1": "3c869b3d7638c800b7039cd859d064658643ad6e", "size": 218136, "url": "https://libraries.minecraft.net/org/lwjgl/lwjgl-jemalloc/3.2.1/lwjgl-jemalloc-3.2.1-natives-windows.jar"}, "sources": {"path": "org/lwjgl/lwjgl-jemalloc/3.2.1/lwjgl-jemalloc-3.2.1-sources.jar", "sha1": "4450dca46228c02c51bb9bbda70e7cfc3154296d", "size": 31279, "url": "https://libraries.minecraft.net/org/lwjgl/lwjgl-jemalloc/3.2.1/lwjgl-jemalloc-3.2.1-sources.jar"}}}, "name": "org.lwjgl:lwjgl-jemalloc:3.2.1", "natives": {"osx": "natives-macos"}, "rules": [{"action": "allow", "os": {"name": "osx"}}]}, {"downloads": {"artifact": {"path": "org/lwjgl/lwjgl-jemalloc/3.2.2/lwjgl-jemalloc-3.2.2.jar", "sha1": "ee8e57a79300f78294576d87c4a587f8c99402e2", "size": 34848, "url": "https://libraries.minecraft.net/org/lwjgl/lwjgl-jemalloc/3.2.2/lwjgl-jemalloc-3.2.2.jar"}, "classifiers": {"natives-linux": {"path": "org/lwjgl/lwjgl-jemalloc/3.2.2/lwjgl-jemalloc-3.2.2-natives-linux.jar", "sha1": "268c08a150347e04e44ba56e359d62c9b78669df", "size": 156173, "url": "https://libraries.minecraft.net/org/lwjgl/lwjgl-jemalloc/3.2.2/lwjgl-jemalloc-3.2.2-natives-linux.jar"}, "natives-macos": {"path": "org/lwjgl/lwjgl-jemalloc/3.2.2/lwjgl-jemalloc-3.2.2-natives-macos.jar", "sha1": "805f5a10465375ba034b27b72331912fd2846690", "size": 117127, "url": "https://libraries.minecraft.net/org/lwjgl/lwjgl-jemalloc/3.2.2/lwjgl-jemalloc-3.2.2-natives-macos.jar"}, "natives-windows": {"path": "org/lwjgl/lwjgl-jemalloc/3.2.2/lwjgl-jemalloc-3.2.2-natives-windows.jar", "sha1": "338b25b99da3ba5f441f6492f2ce2a9c608860ed", "size": 220623, "url": "https://libraries.minecraft.net/org/lwjgl/lwjgl-jemalloc/3.2.2/lwjgl-jemalloc-3.2.2-natives-windows.jar"}}}, "name": "org.lwjgl:lwjgl-jemalloc:3.2.2", "natives": {"linux": "natives-linux", "windows": "natives-windows"}, "rules": [{"action": "allow"}, {"action": "disallow", "os": {"name": "osx"}}]}, {"downloads": {"artifact": {"path": "org/lwjgl/lwjgl-openal/3.2.1/lwjgl-openal-3.2.1.jar", "sha1": "dc7ff2dabb40a141ee9bf2e326d9b1b19f3278fb", "size": 80103, "url": "https://libraries.minecraft.net/org/lwjgl/lwjgl-openal/3.2.1/lwjgl-openal-3.2.1.jar"}, "classifiers": {"javadoc": {"path": "org/lwjgl/lwjgl-openal/3.2.1/lwjgl-openal-3.2.1-javadoc.jar", "sha1": "95752f443686da1b3443e397dc83e730e1907a1e", "size": 617869, "url": "https://libraries.minecraft.net/org/lwjgl/lwjgl-openal/3.2.1/lwjgl-openal-3.2.1-javadoc.jar"}, "natives-linux": {"path": "org/lwjgl/lwjgl-openal/3.2.1/lwjgl-openal-3.2.1-natives-linux.jar", "sha1": "bcd4be67863dd908f696f628c3ca9f6eb9ae5152", "size": 590716, "url": "https://libraries.minecraft.net/org/lwjgl/lwjgl-openal/3.2.1/lwjgl-openal-3.2.1-natives-linux.jar"}, "natives-macos": {"path": "org/lwjgl/lwjgl-openal/3.2.1/lwjgl-openal-3.2.1-natives-macos.jar", "sha1": "9357ebfc82a0d6f64e17093dd963219367cd6fa2", "size": 528004, "url": "https://libraries.minecraft.net/org/lwjgl/lwjgl-openal/3.2.1/lwjgl-openal-3.2.1-natives-macos.jar"}, "natives-windows": {"path": "org/lwjgl/lwjgl-openal/3.2.1/lwjgl-openal-3.2.1-natives-windows.jar", "sha1": "92fb931e65c637cea209ad5c3ffebd1b325ed41d", "size": 1310083, "url": "https://libraries.minecraft.net/org/lwjgl/lwjgl-openal/3.2.1/lwjgl-openal-3.2.1-natives-windows.jar"}, "sources": {"path": "org/lwjgl/lwjgl-openal/3.2.1/lwjgl-openal-3.2.1-sources.jar", "sha1": "8fe3d6e6353685164b1eb3a22980aaa1115d4a32", "size": 78379, "url": "https://libraries.minecraft.net/org/lwjgl/lwjgl-openal/3.2.1/lwjgl-openal-3.2.1-sources.jar"}}}, "name": "org.lwjgl:lwjgl-openal:3.2.1", "natives": {"osx": "natives-macos"}, "rules": [{"action": "allow", "os": {"name": "osx"}}]}, {"downloads": {"artifact": {"path": "org/lwjgl/lwjgl-openal/3.2.2/lwjgl-openal-3.2.2.jar", "sha1": "2b772a102b0a11ee5f2109a5b136f4dc7c630827", "size": 80012, "url": "https://libraries.minecraft.net/org/lwjgl/lwjgl-openal/3.2.2/lwjgl-openal-3.2.2.jar"}, "classifiers": {"natives-linux": {"path": "org/lwjgl/lwjgl-openal/3.2.2/lwjgl-openal-3.2.2-natives-linux.jar", "sha1": "0364f9f5c3947393083ab5f37a571f5603aadd0b", "size": 590997, "url": "https://libraries.minecraft.net/org/lwjgl/lwjgl-openal/3.2.2/lwjgl-openal-3.2.2-natives-linux.jar"}, "natives-macos": {"path": "org/lwjgl/lwjgl-openal/3.2.2/lwjgl-openal-3.2.2-natives-macos.jar", "sha1": "a97b6345d5a9ddf889e262bd7ad8eed43b1bb063", "size": 528006, "url": "https://libraries.minecraft.net/org/lwjgl/lwjgl-openal/3.2.2/lwjgl-openal-3.2.2-natives-macos.jar"}, "natives-windows": {"path": "org/lwjgl/lwjgl-openal/3.2.2/lwjgl-openal-3.2.2-natives-windows.jar", "sha1": "ec20a7d42a2438528fca87e60b1705f1e2339ddb", "size": 1310102, "url": "https://libraries.minecraft.net/org/lwjgl/lwjgl-openal/3.2.2/lwjgl-openal-3.2.2-natives-windows.jar"}}}, "name": "org.lwjgl:lwjgl-openal:3.2.2", "natives": {"linux": "natives-linux", "windows": "natives-windows"}, "rules": [{"action": "allow"}, {"action": "disallow", "os": {"name": "osx"}}]}, {"downloads": {"artifact": {"path": "org/lwjgl/lwjgl-opengl/3.2.1/lwjgl-opengl-3.2.1.jar", "sha1": "57008c2374c5bc434b18adfef3f3653ee450ee18", "size": 931322, "url": "https://libraries.minecraft.net/org/lwjgl/lwjgl-opengl/3.2.1/lwjgl-opengl-3.2.1.jar"}, "classifiers": {"javadoc": {"path": "org/lwjgl/lwjgl-opengl/3.2.1/lwjgl-opengl-3.2.1-javadoc.jar", "sha1": "e25fc8cbcbee68182a6b7f13ad71b1f0961005ad", "size": 4307561, "url": "https://libraries.minecraft.net/org/lwjgl/lwjgl-opengl/3.2.1/lwjgl-opengl-3.2.1-javadoc.jar"}, "natives-linux": {"path": "org/lwjgl/lwjgl-opengl/3.2.1/lwjgl-opengl-3.2.1-natives-linux.jar", "sha1": "c43bb08ed7dcf1a6d344803e464148b3b14dd274", "size": 77401, "url": "https://libraries.minecraft.net/org/lwjgl/lwjgl-opengl/3.2.1/lwjgl-opengl-3.2.1-natives-linux.jar"}, "natives-macos": {"path": "org/lwjgl/lwjgl-opengl/3.2.1/lwjgl-opengl-3.2.1-natives-macos.jar", "sha1": "dca9ad9e59a87172144d531e08ef7f6988073db0", "size": 38998, "url": "https://libraries.minecraft.net/org/lwjgl/lwjgl-opengl/3.2.1/lwjgl-opengl-3.2.1-natives-macos.jar"}, "natives-windows": {"path": "org/lwjgl/lwjgl-opengl/3.2.1/lwjgl-opengl-3.2.1-natives-windows.jar", "sha1": "80954961b31084d7b4f2f041d6b5a799a774c880", "size": 170804, "url": "https://libraries.minecraft.net/org/lwjgl/lwjgl-opengl/3.2.1/lwjgl-opengl-3.2.1-natives-windows.jar"}, "sources": {"path": "org/lwjgl/lwjgl-opengl/3.2.1/lwjgl-opengl-3.2.1-sources.jar", "sha1": "47930ffbef53c0f45c7e35c01b1c6ad5b2205809", "size": 1251582, "url": "https://libraries.minecraft.net/org/lwjgl/lwjgl-opengl/3.2.1/lwjgl-opengl-3.2.1-sources.jar"}}}, "name": "org.lwjgl:lwjgl-opengl:3.2.1", "natives": {"osx": "natives-macos"}, "rules": [{"action": "allow", "os": {"name": "osx"}}]}, {"downloads": {"artifact": {"path": "org/lwjgl/lwjgl-opengl/3.2.2/lwjgl-opengl-3.2.2.jar", "sha1": "6ac5bb88b44c43ea195a570aab059f63da004cd8", "size": 929780, "url": "https://libraries.minecraft.net/org/lwjgl/lwjgl-opengl/3.2.2/lwjgl-opengl-3.2.2.jar"}, "classifiers": {"natives-linux": {"path": "org/lwjgl/lwjgl-opengl/3.2.2/lwjgl-opengl-3.2.2-natives-linux.jar", "sha1": "338d33387919cb3f4cdba143c2b738a71ccfda60", "size": 77392, "url": "https://libraries.minecraft.net/org/lwjgl/lwjgl-opengl/3.2.2/lwjgl-opengl-3.2.2-natives-linux.jar"}, "natives-macos": {"path": "org/lwjgl/lwjgl-opengl/3.2.2/lwjgl-opengl-3.2.2-natives-macos.jar", "sha1": "cf4f43e69ee70d8ebfbb6ba93dec9016339e4fdc", "size": 38989, "url": "https://libraries.minecraft.net/org/lwjgl/lwjgl-opengl/3.2.2/lwjgl-opengl-3.2.2-natives-macos.jar"}, "natives-windows": {"path": "org/lwjgl/lwjgl-opengl/3.2.2/lwjgl-opengl-3.2.2-natives-windows.jar", "sha1": "d8dcdc91066cae2d2d8279cb4a9f9f05d9525826", "size": 170798, "url": "https://libraries.minecraft.net/org/lwjgl/lwjgl-opengl/3.2.2/lwjgl-opengl-3.2.2-natives-windows.jar"}}}, "name": "org.lwjgl:lwjgl-opengl:3.2.2", "natives": {"linux": "natives-linux", "windows": "natives-windows"}, "rules": [{"action": "allow"}, {"action": "disallow", "os": {"name": "osx"}}]}, {"downloads": {"artifact": {"path": "org/lwjgl/lwjgl-glfw/3.2.1/lwjgl-glfw-3.2.1.jar", "sha1": "027abb7f64894b61cad163791acd8113f0b21296", "size": 116708, "url": "https://libraries.minecraft.net/org/lwjgl/lwjgl-glfw/3.2.1/lwjgl-glfw-3.2.1.jar"}, "classifiers": {"javadoc": {"path": "org/lwjgl/lwjgl-glfw/3.2.1/lwjgl-glfw-3.2.1-javadoc.jar", "sha1": "81482a14b617e4fb0c7de69b3e06ef2e28ef894f", "size": 690774, "url": "https://libraries.minecraft.net/org/lwjgl/lwjgl-glfw/3.2.1/lwjgl-glfw-3.2.1-javadoc.jar"}, "natives-linux": {"path": "org/lwjgl/lwjgl-glfw/3.2.1/lwjgl-glfw-3.2.1-natives-linux.jar", "sha1": "5a2fb27f9e12a34ecabf6f6a7606c61849e347ee", "size": 157431, "url": "https://libraries.minecraft.net/org/lwjgl/lwjgl-glfw/3.2.1/lwjgl-glfw-3.2.1-natives-linux.jar"}, "natives-macos": {"path": "org/lwjgl/lwjgl-glfw/3.2.1/lwjgl-glfw-3.2.1-natives-macos.jar", "sha1": "72fe6dab6110a5a1cd4833f11840eef7b2eadce5", "size": 64724, "url": "https://libraries.minecraft.net/org/lwjgl/lwjgl-glfw/3.2.1/lwjgl-glfw-3.2.1-natives-macos.jar"}, "natives-windows": {"path": "org/lwjgl/lwjgl-glfw/3.2.1/lwjgl-glfw-3.2.1-natives-windows.jar", "sha1": "00def7c58ad2e1cb258d6d73be181ffab8ef8bd5", "size": 265304, "url": "https://libraries.minecraft.net/org/lwjgl/lwjgl-glfw/3.2.1/lwjgl-glfw-3.2.1-natives-windows.jar"}, "sources": {"path": "org/lwjgl/lwjgl-glfw/3.2.1/lwjgl-glfw-3.2.1-sources.jar", "sha1": "4c56ae817da75996b19601c87d7e759b846c3902", "size": 101885, "url": "https://libraries.minecraft.net/org/lwjgl/lwjgl-glfw/3.2.1/lwjgl-glfw-3.2.1-sources.jar"}}}, "name": "org.lwjgl:lwjgl-glfw:3.2.1", "natives": {"osx": "natives-macos"}, "rules": [{"action": "allow", "os": {"name": "osx"}}]}, {"downloads": {"artifact": {"path": "org/lwjgl/lwjgl-glfw/3.2.2/lwjgl-glfw-3.2.2.jar", "sha1": "d3ad4df38e400b8afba1de63f84338809399df5b", "size": 108907, "url": "https://libraries.minecraft.net/org/lwjgl/lwjgl-glfw/3.2.2/lwjgl-glfw-3.2.2.jar"}, "classifiers": {"natives-linux": {"path": "org/lwjgl/lwjgl-glfw/3.2.2/lwjgl-glfw-3.2.2-natives-linux.jar", "sha1": "0957733f26a6661d4883da0335f7ef46d3bbbd7d", "size": 159198, "url": "https://libraries.minecraft.net/org/lwjgl/lwjgl-glfw/3.2.2/lwjgl-glfw-3.2.2-natives-linux.jar"}, "natives-macos": {"path": "org/lwjgl/lwjgl-glfw/3.2.2/lwjgl-glfw-3.2.2-natives-macos.jar", "sha1": "98f745038d17ac3192fcd01dc44126b03ec1570d", "size": 67311, "url": "https://libraries.minecraft.net/org/lwjgl/lwjgl-glfw/3.2.2/lwjgl-glfw-3.2.2-natives-macos.jar"}, "natives-windows": {"path": "org/lwjgl/lwjgl-glfw/3.2.2/lwjgl-glfw-3.2.2-natives-windows.jar", "sha1": "dc6826d636bf796b33a49038c354210e661bfc17", "size": 266648, "url": "https://libraries.minecraft.net/org/lwjgl/lwjgl-glfw/3.2.2/lwjgl-glfw-3.2.2-natives-windows.jar"}}}, "name": "org.lwjgl:lwjgl-glfw:3.2.2", "natives": {"linux": "natives-linux", "windows": "natives-windows"}, "rules": [{"action": "allow"}, {"action": "disallow", "os": {"name": "osx"}}]}, {"downloads": {"artifact": {"path": "org/lwjgl/lwjgl-stb/3.2.1/lwjgl-stb-3.2.1.jar", "sha1": "31f5eb5fce3791d58ec898bc5c1867d76d781ba1", "size": 105765, "url": "https://libraries.minecraft.net/org/lwjgl/lwjgl-stb/3.2.1/lwjgl-stb-3.2.1.jar"}, "classifiers": {"javadoc": {"path": "org/lwjgl/lwjgl-stb/3.2.1/lwjgl-stb-3.2.1-javadoc.jar", "sha1": "524d79537f840d6cfe50e030d24413933f0d464b", "size": 684972, "url": "https://libraries.minecraft.net/org/lwjgl/lwjgl-stb/3.2.1/lwjgl-stb-3.2.1-javadoc.jar"}, "natives-linux": {"path": "org/lwjgl/lwjgl-stb/3.2.1/lwjgl-stb-3.2.1-natives-linux.jar", "sha1": "66e01b8036258619332cb452b970ca0a52db1a87", "size": 197208, "url": "https://libraries.minecraft.net/org/lwjgl/lwjgl-stb/3.2.1/lwjgl-stb-3.2.1-natives-linux.jar"}, "natives-macos": {"path": "org/lwjgl/lwjgl-stb/3.2.1/lwjgl-stb-3.2.1-natives-macos.jar", "sha1": "1f5615c952451c30afafba4a6e3ba4e1cd9e7f5c", "size": 192364, "url": "https://libraries.minecraft.net/org/lwjgl/lwjgl-stb/3.2.1/lwjgl-stb-3.2.1-natives-macos.jar"}, "natives-windows": {"path": "org/lwjgl/lwjgl-stb/3.2.1/lwjgl-stb-3.2.1-natives-windows.jar", "sha1": "d100bfd2b0d03223a043cfcb64a2dfd2bb7f4c61", "size": 454473, "url": "https://libraries.minecraft.net/org/lwjgl/lwjgl-stb/3.2.1/lwjgl-stb-3.2.1-natives-windows.jar"}, "sources": {"path": "org/lwjgl/lwjgl-stb/3.2.1/lwjgl-stb-3.2.1-sources.jar", "sha1": "50ac43d4c6ea5846f354f9576134c0f9264345c2", "size": 96479, "url": "https://libraries.minecraft.net/org/lwjgl/lwjgl-stb/3.2.1/lwjgl-stb-3.2.1-sources.jar"}}}, "name": "org.lwjgl:lwjgl-stb:3.2.1", "natives": {"osx": "natives-macos"}, "rules": [{"action": "allow", "os": {"name": "osx"}}]}, {"downloads": {"artifact": {"path": "org/lwjgl/lwjgl-tinyfd/3.2.2/lwjgl-tinyfd-3.2.2.jar", "sha1": "fcbe606c8f8da6f8f9a05e2c540eb1ee8632b0e9", "size": 7092, "url": "https://libraries.minecraft.net/org/lwjgl/lwjgl-tinyfd/3.2.2/lwjgl-tinyfd-3.2.2.jar"}, "classifiers": {"javadoc": {"path": "org/lwjgl/lwjgl-tinyfd/3.2.2/lwjgl-tinyfd-3.2.2-javadoc.jar", "sha1": "ba657a222ee267b75fa81ae5ab29ae29b50f725f", "size": 368913, "url": "https://libraries.minecraft.net/org/lwjgl/lwjgl-tinyfd/3.2.2/lwjgl-tinyfd-3.2.2-javadoc.jar"}, "natives-linux": {"path": "org/lwjgl/lwjgl-tinyfd/3.2.2/lwjgl-tinyfd-3.2.2-natives-linux.jar", "sha1": "39e35b161c130635d9c8918ce04e887a30c5b687", "size": 38804, "url": "https://libraries.minecraft.net/org/lwjgl/lwjgl-tinyfd/3.2.2/lwjgl-tinyfd-3.2.2-natives-linux.jar"}, "natives-macos": {"path": "org/lwjgl/lwjgl-tinyfd/3.2.2/lwjgl-tinyfd-3.2.2-natives-macos.jar", "sha1": "46d0798228b8a28e857a2a0f02310fd6ba2a4eab", "size": 42136, "url": "https://libraries.minecraft.net/org/lwjgl/lwjgl-tinyfd/3.2.2/lwjgl-tinyfd-3.2.2-natives-macos.jar"}, "natives-windows": {"path": "org/lwjgl/lwjgl-tinyfd/3.2.2/lwjgl-tinyfd-3.2.2-natives-windows.jar", "sha1": "e9115958773644e863332a6a06488d26f9e1fc9f", "size": 208314, "url": "https://libraries.minecraft.net/org/lwjgl/lwjgl-tinyfd/3.2.2/lwjgl-tinyfd-3.2.2-natives-windows.jar"}, "sources": {"path": "org/lwjgl/lwjgl-tinyfd/3.2.2/lwjgl-tinyfd-3.2.2-sources.jar", "sha1": "2fe76dcf2ca02ae0e64ac7c69eb251c09df0e922", "size": 5034, "url": "https://libraries.minecraft.net/org/lwjgl/lwjgl-tinyfd/3.2.2/lwjgl-tinyfd-3.2.2-sources.jar"}}}, "name": "org.lwjgl:lwjgl-tinyfd:3.2.2", "natives": {"linux": "natives-linux", "windows": "natives-windows"}, "rules": [{"action": "allow"}, {"action": "disallow", "os": {"name": "osx"}}]}, {"downloads": {"artifact": {"path": "org/lwjgl/lwjgl-tinyfd/3.2.1/lwjgl-tinyfd-3.2.1.jar", "sha1": "259f1dbddb921e27e01b32458d6f584eb8bba13a", "size": 7088, "url": "https://libraries.minecraft.net/org/lwjgl/lwjgl-tinyfd/3.2.1/lwjgl-tinyfd-3.2.1.jar"}, "classifiers": {"javadoc": {"path": "org/lwjgl/lwjgl-tinyfd/3.2.1/lwjgl-tinyfd-3.2.1-javadoc.jar", "sha1": "0a85d995178cdab6b94d9a172dd9e7d2a0d70cfb", "size": 368913, "url": "https://libraries.minecraft.net/org/lwjgl/lwjgl-tinyfd/3.2.1/lwjgl-tinyfd-3.2.1-javadoc.jar"}, "natives-linux": {"path": "org/lwjgl/lwjgl-tinyfd/3.2.1/lwjgl-tinyfd-3.2.1-natives-linux.jar", "sha1": "4ad49108397322596d7b85c2c687e5de6ee52157", "size": 38192, "url": "https://libraries.minecraft.net/org/lwjgl/lwjgl-tinyfd/3.2.1/lwjgl-tinyfd-3.2.1-natives-linux.jar"}, "natives-macos": {"path": "org/lwjgl/lwjgl-tinyfd/3.2.1/lwjgl-tinyfd-3.2.1-natives-macos.jar", "sha1": "759c2fd9cc5c6ce0b5b7af77ac8200483b7fb660", "size": 41962, "url": "https://libraries.minecraft.net/org/lwjgl/lwjgl-tinyfd/3.2.1/lwjgl-tinyfd-3.2.1-natives-macos.jar"}, "natives-windows": {"path": "org/lwjgl/lwjgl-tinyfd/3.2.1/lwjgl-tinyfd-3.2.1-natives-windows.jar", "sha1": "85750d2ca022852e15f58c0b94b3d1d4e7f0ba52", "size": 207577, "url": "https://libraries.minecraft.net/org/lwjgl/lwjgl-tinyfd/3.2.1/lwjgl-tinyfd-3.2.1-natives-windows.jar"}, "sources": {"path": "org/lwjgl/lwjgl-tinyfd/3.2.1/lwjgl-tinyfd-3.2.1-sources.jar", "sha1": "c375699fd794c4c87d935e0f9a84e7d80d0de77e", "size": 5034, "url": "https://libraries.minecraft.net/org/lwjgl/lwjgl-tinyfd/3.2.1/lwjgl-tinyfd-3.2.1-sources.jar"}}}, "name": "org.lwjgl:lwjgl-tinyfd:3.2.1", "natives": {"osx": "natives-macos"}, "rules": [{"action": "allow", "os": {"name": "osx"}}]}, {"downloads": {"artifact": {"path": "org/lwjgl/lwjgl-stb/3.2.2/lwjgl-stb-3.2.2.jar", "sha1": "3b8e6ebc5851dd3d17e37e5cadce2eff2a429f0f", "size": 104469, "url": "https://libraries.minecraft.net/org/lwjgl/lwjgl-stb/3.2.2/lwjgl-stb-3.2.2.jar"}, "classifiers": {"natives-linux": {"path": "org/lwjgl/lwjgl-stb/3.2.2/lwjgl-stb-3.2.2-natives-linux.jar", "sha1": "172c52e586fecf43f759bc4f70a778c01f6fdcc1", "size": 203476, "url": "https://libraries.minecraft.net/org/lwjgl/lwjgl-stb/3.2.2/lwjgl-stb-3.2.2-natives-linux.jar"}, "natives-macos": {"path": "org/lwjgl/lwjgl-stb/3.2.2/lwjgl-stb-3.2.2-natives-macos.jar", "sha1": "ee059b129b09fdecbd8595273926ae930bf5a5d7", "size": 196796, "url": "https://libraries.minecraft.net/org/lwjgl/lwjgl-stb/3.2.2/lwjgl-stb-3.2.2-natives-macos.jar"}, "natives-windows": {"path": "org/lwjgl/lwjgl-stb/3.2.2/lwjgl-stb-3.2.2-natives-windows.jar", "sha1": "811f705cbb29e8ae8d60bdf8fdd38c0c123ad3ef", "size": 465810, "url": "https://libraries.minecraft.net/org/lwjgl/lwjgl-stb/3.2.2/lwjgl-stb-3.2.2-natives-windows.jar"}}}, "name": "org.lwjgl:lwjgl-stb:3.2.2", "natives": {"linux": "natives-linux", "windows": "natives-windows"}, "rules": [{"action": "allow"}, {"action": "disallow", "os": {"name": "osx"}}]}, {"downloads": {"artifact": {"path": "com/mojang/text2speech/1.11.3/text2speech-1.11.3.jar", "sha1": "f378f889797edd7df8d32272c06ca80a1b6b0f58", "size": 13164, "url": "https://libraries.minecraft.net/com/mojang/text2speech/1.11.3/text2speech-1.11.3.jar"}}, "name": "com.mojang:text2speech:1.11.3"}, {"downloads": {"artifact": {"path": "com/mojang/text2speech/1.11.3/text2speech-1.11.3.jar", "sha1": "f378f889797edd7df8d32272c06ca80a1b6b0f58", "size": 13164, "url": "https://libraries.minecraft.net/com/mojang/text2speech/1.11.3/text2speech-1.11.3.jar"}, "classifiers": {"natives-linux": {"path": "com/mojang/text2speech/1.11.3/text2speech-1.11.3-natives-linux.jar", "sha1": "ac641755a2a841d1fca9e660194f42523ee5cfe0", "size": 7833, "url": "https://libraries.minecraft.net/com/mojang/text2speech/1.11.3/text2speech-1.11.3-natives-linux.jar"}, "natives-windows": {"path": "com/mojang/text2speech/1.11.3/text2speech-1.11.3-natives-windows.jar", "sha1": "c0b242c0091be5acbf303263c7eeeaedd70544c7", "size": 81379, "url": "https://libraries.minecraft.net/com/mojang/text2speech/1.11.3/text2speech-1.11.3-natives-windows.jar"}, "sources": {"path": "com/mojang/text2speech/1.11.3/text2speech-1.11.3-sources.jar", "sha1": "772a37dd77417571e6f119a8d306f0c14c2ee410", "size": 5332, "url": "https://libraries.minecraft.net/com/mojang/text2speech/1.11.3/text2speech-1.11.3-sources.jar"}}}, "extract": {"exclude": ["META-INF/"]}, "name": "com.mojang:text2speech:1.11.3", "natives": {"linux": "natives-linux", "windows": "natives-windows"}}, {"downloads": {"artifact": {"path": "ca/weblite/java-objc-bridge/1.0.0/java-objc-bridge-1.0.0.jar", "sha1": "6ef160c3133a78de015830860197602ca1c855d3", "size": 40502, "url": "https://libraries.minecraft.net/ca/weblite/java-objc-bridge/1.0.0/java-objc-bridge-1.0.0.jar"}, "classifiers": {"javadoc": {"path": "ca/weblite/java-objc-bridge/1.0.0/java-objc-bridge-1.0.0-javadoc.jar", "sha1": "fb0092f22cb4fe8e631452f577b7a238778abf2a", "size": 174060, "url": "https://libraries.minecraft.net/ca/weblite/java-objc-bridge/1.0.0/java-objc-bridge-1.0.0-javadoc.jar"}, "natives-osx": {"path": "ca/weblite/java-objc-bridge/1.0.0/java-objc-bridge-1.0.0-natives-osx.jar", "sha1": "08befab4894d55875f33c3d300f4f71e6e828f64", "size": 5629, "url": "https://libraries.minecraft.net/ca/weblite/java-objc-bridge/1.0.0/java-objc-bridge-1.0.0-natives-osx.jar"}, "sources": {"path": "ca/weblite/java-objc-bridge/1.0.0/java-objc-bridge-1.0.0-sources.jar", "sha1": "865837a198189aee737019561ece842827f24278", "size": 43283, "url": "https://libraries.minecraft.net/ca/weblite/java-objc-bridge/1.0.0/java-objc-bridge-1.0.0-sources.jar"}}}, "extract": {"exclude": ["META-INF/"]}, "name": "ca.weblite:java-objc-bridge:1.0.0", "natives": {"osx": "natives-osx"}, "rules": [{"action": "allow", "os": {"name": "osx"}}]}, {"downloads": {"artifact": {"path": "ca/weblite/java-objc-bridge/1.0.0/java-objc-bridge-1.0.0.jar", "sha1": "6ef160c3133a78de015830860197602ca1c855d3", "size": 40502, "url": "https://libraries.minecraft.net/ca/weblite/java-objc-bridge/1.0.0/java-objc-bridge-1.0.0.jar"}}, "name": "ca.weblite:java-objc-bridge:1.0.0", "rules": [{"action": "allow", "os": {"name": "osx"}}]}], "logging": {"client": {"argument": "-Dlog4j.configurationFile=${path}", "file": {"id": "client-1.12.xml", "sha1": "bd65e7d2e3c237be76cfbef4c2405033d7f91521", "size": 888, "url": "https://launcher.mojang.com/v1/objects/bd65e7d2e3c237be76cfbef4c2405033d7f91521/client-1.12.xml"}, "type": "log4j2-xml"}}, "mainClass": "net.minecraft.client.main.Main", "minimumLauncherVersion": 21, "releaseTime": "2022-02-17T13:55:59+00:00", "time": "2022-02-17T13:55:59+00:00", "type": "pending"}